module_name,date,time(in day)
aboutERP,19-01-2023 to 23-01-2023,4 days 
installtion,24-01-2023 to 25-01-2023,2 days
Chapter 4,27-01-2023(friday),less than 1 day
Chapter 5,27-01-2023(friday),less than 1 day
Chapter 6,30-01-2023(monday),1 day
Chapter 7,31-01-2023(thuesday),less than 1 day
Chapter 8,31-01-2023(thuesday),less than 1 day
Chapter 9,01-02-2023(wednesday),less than 1 day
Chapter 10,01-02-2023(wednesday),less than 1 day
 Chapter 11,01-02-2023(wednesday),less than 1 day
Chapter 12,02-02-2023 to 03-02-2023,2 days
Chapter 13,04-02-2023(saturday),less than 1 day
